Link,Title,Views,Upload Time
https://www.youtube.com//watch?v=wX0LdzZsQjs,Funny YOGA Challenge | Krazy Bros @KranthiVlogger @KrazyTony,43K,1 month ago
https://www.youtube.com//watch?v=5yUZ2WSXLwI,Tik Tok Hacks are BACK!!! Tik Tok is Nothing But Science @KrazyBros,52K,1 month ago
https://www.youtube.com//watch?v=U6OgU0o8uE8,Reacting to Lifesaving & Masterpiece YouTube Videos @KrazyBros @KrazyTony @kranthiv@KranthiVlogger,42K,1 month ago
https://www.youtube.com//watch?v=GSoSbC7GW_8,Diwali ‡∞Æ‡∞æ‡∞Æ‡±Å‡∞≤‡±Å‡∞ó‡∞æ ‡∞â‡∞Ç‡∞°‡∞¶‡±Å | DIWALI FUNNY VLOG | Kranthi Vlogger,51K,1 month ago
https://www.youtube.com//watch?v=5kxLDKN36-4,Krazy Bros Cricket Challenge || Krazy Cricket League @KrazyTony @KranthiVlogger @KrazyBros,95K,2 months ago
https://www.youtube.com//watch?v=LOmA3HEpMyw,Car ‡∞≤‡±ã ‡∞¶‡±Ü‡∞Ø‡±ç‡∞Ø‡∞Ç  Part-2 üëπüëπüëπ|| Ghost Experience @KrazyBros @KrazyTony @KranthiVlogger,27K,2 months ago
https://www.youtube.com//watch?v=Gdg1WMjbFe8,Car ‡∞≤‡±ã ‡∞¶‡±Ü‡∞Ø‡±ç‡∞Ø‡∞Ç  üëπüëπüëπ|| Ghost Experience @KrazyBros @KrazyTony @KranthiVlogger,45K,2 months ago
https://www.youtube.com//watch?v=tb9VvMQ_9wM,Pallavi Prashant BIG BOSS7 Troll | Na anveshana #rathika #pallaviprashanth,179K,3 months ago
https://www.youtube.com//watch?v=xhbf6sAWOJQ,"Krazy Bros 10th, Intermediate & BTech Marks Comparison  @KrazyTony @KranthiVlogger",69K,4 months ago
https://www.youtube.com//watch?v=3n7h85BVSUY,Avoid This Guy SCAM in India | Foreign Vloggers In INDIA Spoof | KrazyBros,57K,4 months ago
https://www.youtube.com//watch?v=eUx9H6X1i9A,"‡∞ö‡±Ä‡∞∞‡∞æ‡∞≤ ‡∞Æ‡±ã‡∞°‡∞≤‡±ç‡∞∏‡±ç ‡∞§‡±ã ‡∞ó‡±ä‡∞°‡∞µ,‡∞™‡±ã‡∞≤‡±Ä‡∞∏‡±Å‡∞≤‡±Å ‡∞µ‡∞ö‡±ç‡∞ö‡∞æ‡∞∞‡±Å | Road Rage @KrazyBros @KrazyTony @KranthiVlogger",61K,5 months ago
https://www.youtube.com//watch?v=MJLxmnABXbQ,Ice Cream Challenge || Brothers Funny Challenges ||Crazy and Funny Game Challenge @KrazyBros,59K,5 months ago
https://www.youtube.com//watch?v=ulIPAF4YCzo,Chicken Lollipop Challenge || Brothers Funny Challenges @KrazyBros @KrazyTony @KranthiVlogger,60K,5 months ago
https://www.youtube.com//watch?v=Qk6pEQENrG8,Brothers Funny Challenges ||Crazy and Funny Game Challenge @KrazyBros @KrazyTony @KranthiVlogger,43K,5 months ago
https://www.youtube.com//watch?v=yviNsmXWwAs,"‡∞ö‡±á‡∞§‡∞¨‡∞°‡∞ø ‡∞ö‡±á‡∞∏‡∞æ‡∞∞‡±Å, TONY ‡∞®‡∞ø‡∞Æ‡±ç‡∞Æ‡∞ï‡∞æ‡∞Ø ‡∞§‡±ä‡∞ï‡±ç‡∞ï‡∞æ‡∞°‡±Å | @KrazyBros",49K,5 months ago
https://www.youtube.com//watch?v=-TFB4Amo0jo,Tik Tok is Nothing but Science|| We tested TikTok Viral Hacks @KrazyBros @KrazyTony@KranthiVlogger,69K,6 months ago
https://www.youtube.com//watch?v=H1SvqjumWZ4,‡∞Ü ‡∞∞‡∞æ‡∞§‡±ç‡∞∞‡∞Ç‡∞§‡∞æ ‡∞Ü‡∞° ‡∞¶‡±Ü‡∞Ø‡±ç‡∞Ø‡∞Ç‡∞§‡±ã ‡∞â‡∞®‡±ç‡∞®‡∞æ‡∞°‡±Å|Krazy Bros Ghost Experience Part 2@KrazyBros@KrazyTony@KranthiVlogger,44K,6 months ago
https://www.youtube.com//watch?v=it6zx04-DPE,‡∞Ü‡∞∞‡±ã‡∞ú‡±Å ‡∞¶‡±Ü‡∞Ø‡±ç‡∞Ø‡∞Ç ‡∞™‡∞ü‡±ç‡∞ü‡∞ø‡∞® ‡∞Ö‡∞Æ‡±ç‡∞Æ‡∞æ‡∞Ø‡∞ø‡∞®‡∞ø ‡∞ö‡±Ç‡∞∏‡∞æ‡∞Ç | Krazy Bros Ghost Experience,82K,6 months ago
https://www.youtube.com//watch?v=Hzw9eocV8t0,Brothers Funny Challenges ||Crazy and Funny Game Challenge @KrazyTony @KranthiVlogger @KrazyBros,54K,6 months ago
https://www.youtube.com//watch?v=WoA_25pvWUY,THE END @KrazyBros@KrazyTony @KranthiVlogger,48K,6 months ago
https://www.youtube.com//watch?v=oaa7gbqcsL4,IPL 2023 FINALS|| CSK vs GT ||Funny IPL Analysis ||CSK vs GT Full Squad Details @KrazyBros,47K,7 months ago
https://www.youtube.com//watch?v=TNCrltaUZHk,IPL 2023 Match 73 || MI vs GT ||Funny IPL Analysis ||MI vs GT Full Squad Details @KrazyBros,41K,7 months ago
https://www.youtube.com//watch?v=xZhIErhl__k,IPL 2023 Match 72 || MI vs LSG ||Funny IPL Analysis ||MI vs LSG Full Squad Details @KrazyBros,36K,7 months ago
https://www.youtube.com//watch?v=IHgYuleyInQ,IPL 2023 Match 71 || GT vs CSK ||Funny IPL Analysis ||GT vs CSK Full Squad Details @KrazyBros,40K,7 months ago
https://www.youtube.com//watch?v=JsyekMxeEeY,‡∞ö‡∞ø‡∞µ‡∞∞‡∞ø ‡∞∂‡±ç‡∞µ‡∞æ‡∞∏ ‡∞µ‡∞∞‡∞ï‡±Å ‡∞™‡±ã‡∞∞‡∞æ‡∞°‡∞¶‡∞æ‡∞Ç | IPL 2023 MATCH 62 | SRH vs GT,28K,7 months ago
https://www.youtube.com//watch?v=UUtSHI1ouN8,IPL 2023 Match 56 || RR vs KKR ||Funny IPL Analysis ||RR vs KKR Full Squad Details @KrazyBros,47K,7 months ago
https://www.youtube.com//watch?v=esGNWHJa17c,IPL 2023 Match 55 || CSK vs DC ||Funny IPL Analysis ||CSK vs DC Full Squad Details @KrazyTony,46K,7 months ago
https://www.youtube.com//watch?v=bRjvw8M-r-4,IPL 2023 Match 54 || RCB vs MI ||Funny IPL Analysis ||MI vs RCB Full Squad Details @KrazyBros,44K,7 months ago
https://www.youtube.com//watch?v=2IcuK6KIDi0,IPL 2023 Match 53 || KKR vs PBKS ||Funny IPL Analysis ||KKR vs PBKS Full Squad Details @KrazyBros  ‚Äã,69K,7 months ago
https://www.youtube.com//watch?v=nYh3GBjo_EU,IPL 2023 Match 52 | SRH vs RR||Funny IPL Analysis  @KrazyBros ‚Äã,58K,7 months ago
https://www.youtube.com//watch?v=3-Z5ANtqWjY,IPL 2023 Match 49 & 50 | CSK vs MI & DC vs RCB||Funny IPL Analysis @KrazyBros,55K,7 months ago
https://www.youtube.com//watch?v=EanGbDKk5Xc,IPL 2023 Match 47 | SRH vs KKR ||Funny IPL Analysis ||SRH vs KKR Full Squad Details @KrazyBros,47K,8 months ago
https://www.youtube.com//watch?v=Icctz29ClZs,"IPL 2023 Match 45 & 46 | CSK vs LSG|PBKS vs MI||Funny IPL Analysis ||CSK,PBKS,MI,LSG @KrazyBros",33K,8 months ago
https://www.youtube.com//watch?v=AQuM9Ce7ofg,IPL 2023 Match 40 | SRH vs DC ||Funny IPL Analysis ||SRH vs DC Full Squad Details @KrazyBros,37K,8 months ago
https://www.youtube.com//watch?v=-fRBZSfChrI,IPL 2023 Match 38 ||LSG vs PBKS ||Funny IPL Analysis ||LSG vs PBKS Full Squad Details @KrazyBros,30K,8 months ago
https://www.youtube.com//watch?v=VJqSjN3uIGk,IPL 2023 Match 37 ||RCB vs KKR ||Funny IPL Analysis ||KKR vs RCB Full Squad Details @KrazyBros,33K,8 months ago
https://www.youtube.com//watch?v=tHJRUuGA7A4,IPL 2023 Match 36 ||RCB vs KKR ||Funny IPL Analysis ||KKR vs RCB Full Squad Details @KrazyBros‚Äã,37K,8 months ago
https://www.youtube.com//watch?v=9H4LpTxOR8w,IPL 2023 Match 31 ||MI vs PBSK | Funny IPL Analysis ||CSK vs RCB Full Squad Details  @KrazyBros ‚Äã,35K,8 months ago
https://www.youtube.com//watch?v=uuRHg-Z7L00,IPL 2023 Match 23 ||RCB vs CSK |Funny IPL Analysis ||CSK vs RCB Full Squad Details @KrazyBros,59K,8 months ago
https://www.youtube.com//watch?v=oidq35saeo0,IPL 2023 Match 20 & 21|RCB vs DC & LSG vs PBKS |Funny IPL Analysis | LSG vs PBKS Full Squad Details,69K,8 months ago
https://www.youtube.com//watch?v=mW2bVu6j0gQ,IPL 2023 Match18 | GT vs PBKS | Funny IPL Analysis | GT vs PBKS Full Squad Details @KrazyBros,39K,8 months ago
https://www.youtube.com//watch?v=JE3Iv7GAxWo,IPL 2023 Match16 | MI vs DC | Funny IPL Analysis | MI vs DC Full Squad Details @KrazyBros,50K,8 months ago
https://www.youtube.com//watch?v=t9LoYv884PA,IPL 2023 Match15 | RCB vs LSG | Funny IPL Analysis | RCB vs LSG Full Squad Details @KrazyBros,68K,8 months ago
https://www.youtube.com//watch?v=SiQc2bKKMq0,IPL 2023 Match14 | SRH vs PBKS | Funny IPL Analysis | SRH vs PBKS Full Squad Details @KrazyBros,69K,8 months ago
https://www.youtube.com//watch?v=repbIfIZuyk,IPL 2023 Match12 | MI vs CSK | Funny IPL Analysis | MI vs CSK Full Squad Details  @KrazyBros ‚Äã,52K,8 months ago
https://www.youtube.com//watch?v=WKaxyibFWt8,IPL 2023 Match10||LSG vs SRH || Funny IPL Analysis || LSG vs SRH Full Squad Details  @KrazyBros ‚Äã,59K,8 months ago
https://www.youtube.com//watch?v=0P9BDQwNxk8,IPL 2023 Match9||RCB vs KKR || Funny IPL Analysis || RCB vs KKR Full Squad Details @KrazyBros,31K,8 months ago
https://www.youtube.com//watch?v=oX3V_EMq8H8,IPL 2023 Match 7||GT vs DC || Funny IPL Analysis || GT vs DC Full Squad Details @KrazyBros,37K,9 months ago
https://www.youtube.com//watch?v=vvA4dzDEIIM,IPL 2023 Match 6||CSK vs LSG || Funny IPL Analysis || CSK vs LSG Full Squad Details @KrazyBros,37K,9 months ago
https://www.youtube.com//watch?v=gm0suKQyjug,IPL 2023 Match 4 & 5||SRH vs RR|| RCB vs MI||Funny IPL Analysis ||Full Squad Details @KrazyBros,46K,9 months ago
https://www.youtube.com//watch?v=-2a01xVjyew,IPL 2023 Match 2||PBKS vs KKR || Funny IPL Analysis || PBKS vs KKR Full Squad Details @KrazyBros,24K,9 months ago
https://www.youtube.com//watch?v=aTLxes5se28,IPL 2023 Match 1||CSK vs GT || Funny IPL Analysis || CSK vs GT Full Squad Details @KrazyBros,41K,9 months ago
https://www.youtube.com//watch?v=kqmmGTiCrC0,Guess The INDIAN City Challenge||Crazy And Funny Challenge @KrazyBros  @KranthiVlogger @KrazyTony ‚Äã,77K,9 months ago
https://www.youtube.com//watch?v=ORi26KaM-DM,Testing Viral TikTok Hacks |  @KrazyBros   @KranthiVlogger   @KrazyTony ‚Äã,97K,10 months ago
https://www.youtube.com//watch?v=28xqNaEnc3A,Marvel's Quiz Challenge||Crazy And Funny Challenges ||  @KrazyBros   @KranthiVlogger   @KrazyTony ‚Äã,56K,10 months ago
https://www.youtube.com//watch?v=2ElVNecQ0a0,Crazy And Funny Challenges || @KrazyBros @KranthiVlogger @KrazyTony,51K,11 months ago
https://www.youtube.com//watch?v=KKf8ip9Zxgw,Tricky Riddles Challenge Part 2||Funny Riddles Challenge||@KrazyBros @KranthiVlogger@KrazyTony,70K,11 months ago
https://www.youtube.com//watch?v=SYzlk5kITVc,Guess The City With Emojis Challenge | Funny Challenge Krazy Bro's ft @KranthiVlogger @KrazyTony,62K,11 months ago
https://www.youtube.com//watch?v=jHoY46DmBpI,Krazy Bros Funny Games Challenge | Bro vs Bro ft  @KranthiVlogger   @KrazyTony ‚Äã,58K,11 months ago
https://www.youtube.com//watch?v=q3jouctwm58,Revisiting Our Old FACEBOOK Post's | ‡∞™‡±Ü‡∞¶‡±ç‡∞¶ NIBBA ‡∞é‡∞µ‡∞∞‡±Å? | KrazyBro's,130K,11 months ago
https://www.youtube.com//watch?v=TA3jfmoyEqA,Avatar 2 Review in Telugu,52K,1 year ago
https://www.youtube.com//watch?v=Knt0vCKAXco,‡∞Ö‡∞¨‡±ç‡∞¨‡∞æ ‡∞¶‡∞¨‡±ç‡∞¨ ‡∞ú‡∞¨‡±ç‡∞¨‡∞æ | THE WHISPER CHALLENGE-2 | KRAZY BROS  @KranthiVlogger   @KrazyTony ‚Äã,59K,1 year ago
https://www.youtube.com//watch?v=sX1J8iH7pFo,‡∞™‡∞Ç‡∞¶‡∞ø ‡∞Æ‡∞ú‡±ç‡∞ú‡∞ø‡∞ó | Funny Prank Totally Gone Extremely Wrong| Telugu Pranks | Krazy Bros,193K,1 year ago
https://www.youtube.com//watch?v=mTOIo9KfAZM,‡∞í‡∞Ç‡∞ó‡±ã‡∞≤‡±Å ‡∞ú‡∞æ‡∞§‡∞∞ | Brother vs Brother Ultimate Comedy Challenges | Krazy Tony,54K,1 year ago
https://www.youtube.com//watch?v=zTou1CTKxeA,FUNNY DANCE CHALLENGE | Krazy Bros @KranthiVlogger @KrazyTony #intellilens #intellilensglasses,90K,1 year ago
https://www.youtube.com//watch?v=yRhrB1bGCm8,Funny Ice Cubes Dialogues Challenge | Ice Challenge | @KranthiVlogger vs @KrazyTony krazy bros,71K,1 year ago
https://www.youtube.com//watch?v=w1RA_xmo-U8,Extreme Dares Went Totally Wrong | Krazy Bros @KranthiVlogger @KrazyTony,78K,1 year ago
https://www.youtube.com//watch?v=k8YWt7ultS0,Nail Biting Double Super Over || Kraz Cricket Leauge @KrazyTony @KranthiVlogger @KrazyBros,75K,1 year ago
https://www.youtube.com//watch?v=k9TfE5M5P1A,Last Ball 5 Runs Needed | Krazy Cricket League Match-2 | Krazy Bros,73K,1 year ago
https://www.youtube.com//watch?v=_dwH6deAeNc,‡∞∏‡∞Æ‡±Å‡∞¶‡±ç‡∞∞ ‡∞§‡±Ä‡∞∞‡∞Ç‡∞≤‡±ã ‡∞ï‡±ç‡∞∞‡±á‡∞ú‡±Ä ‡∞∏‡∞Æ‡∞∞‡∞Ç | Krazy Bros Funny Cricket Challenge,67K,1 year ago
https://www.youtube.com//watch?v=lw-MDdb8DhE,‡∞∏‡±Å‡∞¶‡∞ø‡∞≤‡±ã ‡∞¶‡∞æ‡∞∞‡∞Ç ‡∞∏‡∞Ç‡∞¶‡±Å‡∞≤‡±ã ‡∞¨‡±á‡∞∞‡∞Ç | Testing Viral TikTok Hacks | Krazy Bros,104K,1 year ago
https://www.youtube.com//watch?v=LrUZc8-vknU,Krazy Bros Highlights ||  Funny Videos  @Kranthi Vlogger   @Krazy Tony   @Krazy Bro's ‚Äã,41K,1 year ago
https://www.youtube.com//watch?v=SqOFF2mAAFE,Crazy Girls On Omegle || Omegle Funny || Krazy Bros,169K,1 year ago
https://www.youtube.com//watch?v=_XBCYaxiJkM,Extreme Funny YES or NO Challenge | Krazy Bro's @KranthiVlogger @KrazyTony,93K,1 year ago
https://www.youtube.com//watch?v=533D1ku2Nbw,Pan India Pickle Challenge | Funny Challenge By Krazy Bros,73K,1 year ago
https://www.youtube.com//watch?v=nTaDAFdHu04,"Viral TikTok Hacks Tested,Results Are Shocking| Part#13@KrazyTony @KranthiVlogger@KrazyBros",112K,1 year ago
https://www.youtube.com//watch?v=fsL0-7YyMWk,Reacting to our First Short Film : 2  @Krazy Bro's  || Funny Reactions || Funny Short Films,61K,1 year ago
https://www.youtube.com//watch?v=W3N-c71sHDg,Guess The Telugu Song Challange || Funny Challenges @KranthiVlogger @KrazyTony @KrazyBros,105K,1 year ago
https://www.youtube.com//watch?v=lTYgRAw5TFo,Tony Last Video? | Kranthi Angry And Tony Emotional | Krazy Bros  @Kranthi Vlogger   @Krazy Tony,116K,1 year ago
https://www.youtube.com//watch?v=bHrJP11psgQ,Nibba Rider giving Warning to usü§¨| ‡∞®‡∞æ Video youtube ‡∞≤‡±ã ‡∞é‡∞Ç‡∞¶‡±Å‡∞ï‡±Å ‡∞™‡±Ü‡∞ü‡±ç‡∞ü‡∞æ‡∞µ‡±çüò°| Road Rage in Telugu,120K,1 year ago
https://www.youtube.com//watch?v=2S6TGl8a1t8,"Cut Chesthe,Finding Movie Names With Story | Krazy Bros @KranthiVlogger @KrazyTony",90K,1 year ago
https://www.youtube.com//watch?v=JJoNzo4USIE,Reacting to our First Short Film @KrazyBros ||Chandrahas  Funny Reactions || Funny Short Films ||,119K,1 year ago
https://www.youtube.com//watch?v=Lyj5MrZ-q8U,Finding Famous Youtubers In Akinator | @ShanmukhJaswanth @AmmaChethiVanta @prashu223,100K,1 year ago
https://www.youtube.com//watch?v=OtxfSObzSiw,Finding Famous Youtubers In Akinator | @HarshaSaiForYou @Prasadtechintelugu @UnqGamer,123K,1 year ago
https://www.youtube.com//watch?v=Dq3kTj9KXyM,BIRTHDAY GIFTS UNBOXING |SURPRISE GIFTS |VLOGS THESE DAYS @KrazyBros@KrazyTony@KranthiVlogger,90K,1 year ago
https://www.youtube.com//watch?v=ZfTC7-UJdr0,Nibba Gang Fight With Us | Extreme Road Rage In Telugu | Krazy Bros MotoVlog,150K,1 year ago
https://www.youtube.com//watch?v=IC9w8ZoPm7Q,MY SISTER 5 CRORE HOME TOUR || VLOGS THESE DAYS #2 || @KrazyBros @KranthiVlogger @KrazyTony,155K,1 year ago
https://www.youtube.com//watch?v=MBYWaOUOrnc,Krazy Bro's Funny Guess The Chocolate challenge | @KranthiVlogger @KrazyTony,119K,1 year ago
https://www.youtube.com//watch?v=YUIKRjaoihM,Guess The celebrity CELEBRITY Challenge||Krazy Bros Funny Challenge @Kranthi Vlogger  @Krazy Tony ‚Äã,108K,1 year ago
https://www.youtube.com//watch?v=stCdZSX7p_c,KRAZY BRO'S SILVER PLAYBUTTON UNBOXING | SILVER PLAYBUTTON | @KranthiVlogger @KrazyTony,54K,1 year ago
https://www.youtube.com//watch?v=IkRMfMc244Y,UNDERWEAR SHOPPING VLOG | Unboxing & Tutorial In Telugu | Krazy Bros @KranthiVlogger @KrazyTony,89K,1 year ago
https://www.youtube.com//watch?v=Px1dGbMg4TU,‡∞°‡∞æ‡∞®‡±ç‡∞∏‡±ç ‡∞Ö‡∞¶‡∞∞‡∞ï‡±ä‡∞ü‡±ç‡∞ü‡∞æ‡∞∞‡±Å ‡∞≠‡∞Ø‡±ç‡∞Ø‡∞æ | Krazy Bros Funny Dance Challenge  @Kranthi Vlogger   @Krazy Tony ‚Äã,176K,1 year ago
https://www.youtube.com//watch?v=d8m4ozL0MF0,Viral TikTok Hacks Tested And Results Are Shocking| Part#12,129K,1 year ago
https://www.youtube.com//watch?v=YRT05RBwGvI,Funny Singing Challenge By Krazy Bros | @KranthiVlogger @KrazyTony,87K,1 year ago
https://www.youtube.com//watch?v=6n76mqNzhOw,Head & Shoulders Shampoo Comparison||Products Comparison@KrazyTony @KranthiVlogger @KrazyBros,219K,1 year ago
https://www.youtube.com//watch?v=TXrLCxQu_n0,2KG Prawns Fry Eating Challenge | Food Challenge @KrazyTony @KranthiVlogger @KrazyBros,130K,1 year ago
https://www.youtube.com//watch?v=ViRMsdT6LMw,Try Not To Laugh Challenge Part#2 | Krazy Bros ft @KranthiVlogger @KrazyTony,140K,1 year ago
https://www.youtube.com//watch?v=fCiYiFTAToo,Guess The Cricketer With Emojis Challenge | Krazy Bros ft @KranthiVlogger @KrazyTony,129K,1 year ago
https://www.youtube.com//watch?v=1yoV2Tt6cXg,Krazy Bros Cooking Challenge | Egg Fried Rice Street Style | @KranthiVlogger @KrazyTony,200K,1 year ago
https://www.youtube.com//watch?v=I2i4QHcN3TQ,Guess The Country With Flag Challenge | Krazy Bros ft @KranthiVlogger @KrazyTony,112K,1 year ago
https://www.youtube.com//watch?v=cHHRQ4EsK9Y,Guess The Telugu Movie Name Challenge Part-2 | Krazy Bros,140K,1 year ago
https://www.youtube.com//watch?v=VCTy698ED6s,Trying Viral TIKTOK Hacks And We Got Shocking Results | Krazy Bros,126K,1 year ago
https://www.youtube.com//watch?v=bPJWEKd50NY,Try Not To Laugh Challenge || Krazy Bros Funny Challenge  @Krazy Tony  @Kranthi Vlogger ‚Äã,138K,1 year ago
https://www.youtube.com//watch?v=7tXM9PT_jz4,Guess The Country With Emojis Challenge|Krazy Bros Funny Challenge @KrazyTony@KranthiVlogger,121K,1 year ago
https://www.youtube.com//watch?v=nBarovloM2A,1KG Chicken Biryani Eating Challenge  ft @KranthiVlogger @KrazyTony  | Krazybros,145K,1 year ago
https://www.youtube.com//watch?v=75ZU8_g0sZw,Tricky Riddles Challenge Part 2|| Funny Riddles Challenge||  @Krazy Bro's ‚Äã,123K,1 year ago
https://www.youtube.com//watch?v=9IMHHB4I6ms,‡∞™‡∞æ‡∞°‡±Å‡∞§‡∞æ ‡∞§‡∞ø‡∞Ø‡±ç‡∞Ø‡∞ó‡∞æ | Guess The Telugu Song Challange || @KrazyBros,97K,1 year ago
https://www.youtube.com//watch?v=F_QuO07FnGY,Guess The Logo With Emojis Challenge | Krazy Bros @KranthiVlogger @KrazyTony,133K,1 year ago
https://www.youtube.com//watch?v=jA2GZ7zh4nk,Guess The Correct LOGO Challenge || Funny LOGO Challenge||  @Krazy Bro's ‚Äã,129K,1 year ago
https://www.youtube.com//watch?v=mDmcIb4021k,Tricky Riddles Challenge || Funny Riddles Challenge|| @KrazyBros,184K,1 year ago
https://www.youtube.com//watch?v=Rx4ltZ2q8f0,"TIKTOK Hacks Tested Again,Results Are Shocking |Part#10|Krazy Bros #intellilens #intellilensglasses",145K,1 year ago
https://www.youtube.com//watch?v=wKUBB3QOwZw,Guess The Telugu Movie Name Challenge | Krazy Bros,148K,1 year ago
https://www.youtube.com//watch?v=08Fvc4WazSw,Guess The Telugu Song Challange || Krazy Bros #intellilens #intellilensglasses,165K,1 year ago
https://www.youtube.com//watch?v=1VX1FRWIIh4,‡∞®‡∞æ‡∞®‡±ç‡∞® ‡∞ï‡∞≤ ‡∞®‡±Ü‡∞∞‡∞µ‡±á‡∞∞‡±ç‡∞ö‡∞æ‡∞Ç | Gifted Royal Enfield Bullet To My Father | Krazy Bros,153K,1 year ago
https://www.youtube.com//watch?v=PSzqvCHmfwM,Subscribers KCPD Challenges | Winner Will Get Cash | Krazy Bros,65K,1 year ago
https://www.youtube.com//watch?v=C_je_gzrd4M,Balloon Hacks || Viral TIKTOK Hacks Tested Again And Results Are Shocking | Part 9 | Krazy Bros,87K,1 year ago
https://www.youtube.com//watch?v=ZDbyZouiPsM,SRHanthi | ‡∞Ü‡∞∞‡±Ü‡∞Ç‡∞ú‡±ç ‡∞∞‡∞ï‡±ç‡∞§‡∞Ç Ep-1 | Krazy Bros,61K,1 year ago
https://www.youtube.com//watch?v=bL1EIFUfMFc,Viral TIKTOK Hacks Tested Again And Results Are Shocking | Part 8 | Krazy Bros,116K,1 year ago
https://www.youtube.com//watch?v=ZjVwl3Jml6g,1Lakh Mutton Biryani Challenge | Kranthi Vlogger,150K,1 year ago
https://www.youtube.com//watch?v=YL8u1P4Jtis,Viral TIKTOK Hacks Tested Again And Results Are Shocking | Part 7 | Krazy Bros,204K,1 year ago
https://www.youtube.com//watch?v=oaYjqPCvQYg,Viral TIKTOK Hacks Tested Again And Results Are Shocking | Part 6 | Krazy Bros,146K,1 year ago
https://www.youtube.com//watch?v=H6RWDFDheQY,Krazy Bros Cricket Challenge Final | Funny Cricket ft.  @Kranthi Vlogger   @Krazy Tony ‚Äã,79K,1 year ago
https://www.youtube.com//watch?v=fRVxD5CrJ9I,We Tried Some Viral Science Experiments And Results Are Shocking,99K,1 year ago
https://www.youtube.com//watch?v=V9UAm9tEsUs,Krazy Bros Cricket Challenge | Funny Cricket ft. @KranthiVlogger @KrazyTony,117K,1 year ago
https://www.youtube.com//watch?v=rmE1OGPHw9k,Very Funny Memory Challenge By Krazy Bros @KranthiVlogger @KrazyTony,123K,1 year ago
https://www.youtube.com//watch?v=NRYicoWeAI0,Viral TIKTOK Hacks Tested Again And Results Are Shocking | Part 5 | Krazy Bros,159K,1 year ago
https://www.youtube.com//watch?v=9qAhVht3HN0,Viral TIKTOK Hacks Tested Again And Results Are Shocking | Part 3 | Krazy Bros,151K,1 year ago
https://www.youtube.com//watch?v=cHHFplwNjBE,‡∞Æ‡±ä‡∞¶‡∞ü‡∞ø ‡∞∏‡∞æ‡∞∞‡∞ø ‡∞ï‡∞æ‡∞∞‡±ç ‡∞°‡±ç‡∞∞‡±à‡∞µ‡∞ø‡∞Ç‡∞ó‡±ç ‡∞ü‡±ç‡∞∞‡±à ‡∞ö‡±á‡∞∂‡∞æ‡∞Ç | Krazy Bros,109K,1 year ago
https://www.youtube.com//watch?v=nZewmzHPTxA,Krazy bros plays ankinator | Funny Results üòÇ,183K,2 years ago
https://www.youtube.com//watch?v=bEbe_Willyo,Viral TIKTOK Hacks Tested Again And Results Are Shocking | Part 2 | Krazy Bros,209K,2 years ago
https://www.youtube.com//watch?v=Bzespd6LI-4,We Tested Viral TIKTOK Hacks And Results Are Shocking | Went Wrong | Krazy Bros,234K,2 years ago
https://www.youtube.com//watch?v=R8XCXoA09UA,NO THUMBS FOOD EATING CHALLENGE | Krazy Bros @KranthiVlogger @KrazyTony,89K,2 years ago
https://www.youtube.com//watch?v=7-WEuq5GyWQ,EAT & WEAR Challenge | Krazy Bros | @KranthiVlogger @KrazyTony,143K,2 years ago
https://www.youtube.com//watch?v=l1m3JEjp0VM,Melo Evaru Koteshwarudu | Part-2 | Krazy Bros | @KranthiVlogger  & @KrazyTony,75K,2 years ago
https://www.youtube.com//watch?v=esmCt9k_ZEs,Melo Evaru Koteshwarudu | Part-1 | Krazy Bros | Kranthi vlogger & Krazy Tony,130K,2 years ago
https://www.youtube.com//watch?v=B8O-SYJM828,Looser Will Eat Worlds Spiciest And Hottest Chip | Jolochip Challenge | krazy bros,211K,2 years ago
https://www.youtube.com//watch?v=mLjCEbXTxLI,Krazy Bros Cricket Challenge | @KranthiVlogger @KrazyTony,114K,2 years ago
https://www.youtube.com//watch?v=2o1Q-vzZ-M4,‡∞∏‡±ç‡∞Æ‡∞∂‡∞®‡∞µ‡∞æ‡∞ü‡∞ø‡∞ï‡∞≤‡±ã ‡∞Ö‡∞∞‡±ç‡∞• ‡∞∞‡∞æ‡∞§‡±ç‡∞∞‡∞ø 1‡∞ó‡∞Ç‡∞ü‡∞ï‡∞ø | Ghost Hunting Telugu | Krazy Bros,163K,2 years ago
https://www.youtube.com//watch?v=xFzu8ROoTtk,YES or No Challenge | Brothers Funny Challenge | Krazy Bros,215K,2 years ago
https://www.youtube.com//watch?v=rH8eHu7Y9rQ,4KG Prawns Fry Eating Challenge | Food Challenge | ASMR | Krazy Bros,228K,2 years ago
https://www.youtube.com//watch?v=Fk4OKcNM5bo,Looser Will Eat Worlds Spiciest And Hottest Chip | Jolochip Challenge | krazy bros,412K,2 years ago
https://www.youtube.com//watch?v=rr9oZ1uh1yU,‡∞¶‡±Ü‡∞Ø‡±ç‡∞Ø‡∞Ç ‡∞ï‡±ã‡∞∏‡∞Ç ‡∞µ‡±Ü‡∞≥‡±ç‡∞≥‡∞æ‡∞Ç | Ghost Hunting Gone Extremely Wrong | Krazy Bros,189K,2 years ago
https://www.youtube.com//watch?v=1W8g14qhm9M,The Lays Challenge | Funny Challenge | Krazy Bros | @KranthiVlogger  @KrazyTony,242K,2 years ago
https://www.youtube.com//watch?v=GqS63wP9wFA,‡∞Æ‡∞®‡∞ï‡∞ø ‡∞ï‡±Ç‡∞°‡∞æ AWARD ‡∞µ‡∞ö‡±ç‡∞ö‡∞ø‡∞Ç‡∞¶‡∞ø | @KranthiVlogger  @ItsHimaja @FunPataka @MahidharVibes,91K,2 years ago
https://www.youtube.com//watch?v=d261wK9L8h8,Guess The Vegetable Challenge || Krazy Bros || @KranthiVlogger @KrazyTony,142K,2 years ago
https://www.youtube.com//watch?v=J0hEVxgh4dc,The Fishing Challenge -‡∞ö‡±á‡∞™‡∞≤ ‡∞µ‡±á‡∞ü | Krazy Bros | Kranthi Vlogger & Krazy Tony,167K,2 years ago
https://www.youtube.com//watch?v=P2rL2hPJPeQ,WHAT'S IN THE BOX CHALLENGE || FUNNY CHALLENGE || KRAZY BROS @KranthiVlogger @KrazyBros,196K,2 years ago
https://www.youtube.com//watch?v=KYqNEOPkuug,‡∞Ö‡∞¨‡±ç‡∞¨‡∞æ ‡∞¶‡∞¨‡±ç‡∞¨ ‡∞ú‡∞¨‡±ç‡∞¨‡∞æ | THE WHISPER CHALLENGE | KRAZY BROS @KranthiVlogger @KrazyTony,153K,2 years ago
https://www.youtube.com//watch?v=o4nw2Tx-vy0,Guess The Cool Drink Challenge | Soft Drink Challenge | Krazy Bros | Kranthi Vlogger,345K,2 years ago
